text,label,description
and the crowds in TIMES SQUARE go wild for Tay Story aka Toy Story 5 !!,Art,
"Mashup of ""tolerate it"" x ""begged"" (Olivia Rodrigo) [OC]",Art,
Who's Afraid of Little Old Me? (Reputation Version),Art,
Taylor on the jumbotron at the Knicks game tonight,News/Factual Update,
"Which Eras Tour version do you prefer: Taylor’s Version or The Final Show? I had a pretty rough day today. Work was stressful, a few things went wrong, and it was just one of those days. So I turned on my PC, put on my headphones, started some music — yes, of course Taylor :) — and decided to watch the Eras Tour again. Somehow, her music and this show manage to lift my mood almost immediately. Then I had to choose between The Eras Tour (Taylor’s Version) and The Final Show, and honestly, it’s a harder choice than I expected. With Taylor’s Version, I get Tolerate It and what I personally feel is the more beautiful full version of Long Live. Those are both absolute highlights for me. But with The Final Show, we get the TTPD set, and also the changed version of Long Live in the acoustic section, which is really special in its own way. I also feel like The Final Show maybe comes across a little more authentic somehow, maybe because it feels like there are fewer cuts and it captures more of that last-night energy. In the end, I chose Taylor’s Version tonight — not necessarily because I think it is better or worse, but simply because I watched The Final Show last time. But now I’m curious: which version do you prefer? Do you lean more toward Taylor’s Version because of songs like Tolerate it and Long Live, or do you prefer The Final Show because of TTPD, the final-concert atmosphere, and the updated setlist? So for now, Taylor’s Version is playing, the headphones are on, and my bad day and bad mood is currently losing a fight against a three-hour Taylor concert. :)",Open-Ended Question Discussion,"Personal narrative framing but no falsifiable claim about the two versions, just preference solicitation -- not actually borderline despite the length."
What’s a Taylor Swift song that means more to you now than when you first heard it? What I mean is that when you first heard it you decide to think it really fits you.,Open-Ended Question Discussion,
Taylor Swift for a “Toy Story: 30 Years and Beyond” 20/20 special interview out this Friday!,News/Factual Update,
Wildest Dreams (drum cover) 🥁,Art,
Taylor Swift sings her latest single and “You Got A Friend in Me” with Randy Newman at the Toy Story 5 premiere (full performance),News/Factual Update,Subreddit auto-flaired this 'Discussion' but it's a video of a real event with no added interpretation -- flair is not a reliable label signal on this sub.
Taylor Swift’s Toy Story 5 Premiere Look Is a Reference to Her Own Superfandom,News/Factual Update,"Borderline: the headline itself makes an interpretive claim, but it's a syndicated press-article share with no original analysis added by the OP, so labeled by the poster's contribution, not the linked article's framing."
Songs or interviews with numbers between 20-40,Open-Ended Question Discussion,
Songs that don’t mention the title. My wife and I were talking and we were trying to come up with Taylor songs that do not mention the title in it.,Open-Ended Question Discussion,
Taylor Swift gets her original Toy Story VHS signed by the cast of Toy Story 5,News/Factual Update,
Taylor attending the premiere of Toy Story 5 ☁️,News/Factual Update,
"Taylor's Toy Story 5 Premiere Look, by Alef Vernon",Art,"Fan illustration of a real event (her outfit) -- primary content is the artwork itself, so Art per the artifact-type rule even though the subject matter is news-y."
Taylor Swift talking about writting the original song for Toy Story 5 at the premiere.,News/Factual Update,
"Which Taylor Swift lyric had the biggest impact on you? I’m curious if there’s a Taylor Swift lyric that genuinely changed the way you see yourself, relationships, life, or the world. Maybe it helped you through a difficult period, gave you a new perspective, or even influenced a major decision in your life. I recently went through a really painful breakup from a toxic relationship, and it’s been easy to get lost in the grief. One lyric I keep coming back to is: “‘cause love’s never lost when perspective is earned.” What’s the lyric that had that kind of impact on you, and why?",Open-Ended Question Discussion,
"Hall of fame set *if* she does a performance. Here is a fun little fantasy prediction set for her hall of fame induction if she can only perform one song I say it’s either Ophelia or ATW10 if she does two songs those two or ophelia/tim McGraw Ophelia/Love story. If she has like a 3-5 song set thing: Fate of Ophelia, Love Story, last great American dynasty, You're in your own kid on piano, Tim McGraw - played with a guitar but not completely acoustic",Open-Ended Question Discussion,"Borderline: structured like a 'theory' (a specific ranked setlist), but no evidence-backed claim is being defended -- openly framed as 'fun fantasy,' implicitly inviting others to share their own picks. No load-bearing claim, so Open-Ended rather than Analysis."
"Is there a better run of songs…. than the one beginning with I Look in People’s Windows ending with The Manuscript? This type of intimate, personal songwriting will be studied decades from now.",Open-Ended Question Discussion,"50/50 case per the load-bearing-claim rule: asserts a comparative claim ('better run of songs', 'will be studied decades from now') but gives no close reading or evidence for it, functioning mainly as a discussion-starter. Logging per the difficult_cases process."
My latest adhd obsession: making Taylor Swift song top trump cards! 🤩😂,Art,
"I think everyone has misread Wi$h Li$t. I am here to defend it. Here is my dissection/analysis: It comes down to one word: “they.” The dominant reading I want to complicate is that Taylor is cataloguing what other people want, celebrities or influencers, and contrasting it with her own simpler desires. The chorus, on this reading, is a humble pivot: all these people want yachts and Oscars, but I just want love and a family. This was then met with a response that the song is hypocritical, because she already has the yacht life, the Balenciaga, the cultural prestige. The “I just want you” reads as performative simplicity from someone for whom simplicity is not actually on offer as a choice. I think both readings have traction, but neither of them has stopped to ask the one question that unravels the whole thing as something much more complex and interesting - that “They” is not other celebrities at all. It is us. The consuming public. This should exist in the same register as Who’s Afraid? or But Daddy I Love Him. Or particularly, mirrorball: “They” want her to be everything, but that is always in contradiction, so she is asking (“dreaming”): what about a contradiction I want? fame and success AND the quiet life. Here is the evidence verse by verse. Verse one. “Yacht life, under chopper blades.” The yacht life is the fantasy the public wants to see. The chopper blades are not helicopters. They are the mechanism of celebrity scrutiny, your life constantly cut open and dissected for consumption. The glamour and the blade, simultaneously. “Bright lights and Balenciaga shades.” They want you fully visible in the bright lights of fame and they want to see behind the shades at the same time. Total exposure and total glamour, both at once, which is impossible. Shades is doing so much here. Firstly, it’s a clear contradiction. The brightest shine you can give and the darkest shades of your secrets and privacy. Shade as in throw shade - tear each other down. Or shades as an object/image: i think of Britney and those paparazzi pictures. “A fat ass with a baby face.” This is not a celebrity aspiring to a body type. This is the public’s impossible physical standard for women in the spotlight, two contradictory aesthetics demanded at the same time. “They want that complex female character.” This is the line that breaks the standard reading entirely. No celebrity sits around wishing this for themselves, it is nonsensical. This is what critics write in think pieces. This is an audience demand, a cultural projection onto women in public life. “Critical smash, Palme d’Or, and an Oscar on their bathroom floor.” They want the serious artistic credibility and the populist Hollywood glamour simultaneously. The Palme d’Or is the highest prize in art cinema. The Oscar on the bathroom floor is casualised, decorative, stripped of reverence. They want you to win everything and not be precious about any of it. Verse two. “Freedom, living off the grid.” The grid is the Instagram grid. (this pairs with the good surf) The public wants to see celebrities living carefree and offline, performing a kind of authentic freedom for the very audience they are supposedly escaping. “Three dogs that they call their kids.” Standard parasocial consumption. The public wants the intimate domesticity, the relatable quirks, the behind the scenes ordinariness. “Good surf, no hypocrites.” Surf as in surfing the internet, something entertaining. And theres a deep irony with hypocrites, because the entire critical conversation around this song has been about whether Taylor is being hypocritical. - She is not that unaware!!!! - She planted it. The public wants clean, authentic, uncontradicted public figures while consuming them through the very medium that makes authenticity impossible. “Spring break that was fucking lit, and then that video taken off the internet.” These two lines run together as a sequence. The public wants the spectacle of the wild, unguarded moment, and then wants it erased once the moral panic sets in. They want the exposure and the erasure. That wish only makes sense if you are the one who watched it, not the one in it. “One line I haven’t cracked is ‘they want a contract with Real Madrid’, though I think something’s worth mining in the word contract specifically. Worth noting the production shifts into something noticeably darker underneath that line, like the song itself knows it’s the odd one out. If anyone has a reading, I’d love to hear it.” The chorus is not a humble contrast to all of this, she has seen the full list of what is required of her and she thinks if all these contradictions exist, she can opt out entirely. Though this is something discussed before for certain. Anyway, this makes another case for The Life of a Showgirl actually very much being about the life of a showgirl. Compared to Ophelia and Elizabeth Taylor, this feels very digital age/social media, which I think is interesting.",Substantive Analysis,
Taylor's Albums in the Showgirl font!,Art,
"Some thoughts on why fans defend Taylor's lyrics so fiercely. I was watching Tiktok the other day and saw a few responses to a video making fun of Taylor Swift lyrics and, as expected, the comments turned into a war of haters calling her lyrics stupid and childish and her fans defending her and the inevitable questions of “Why do you care so much, she’s a billionaire who doesn’t know you exist.” Usually, I just roll my eyes at this type of back and forth, but I was thinking about it today and why people defend her so aggressively compared to other artists. There is the usual defense of calling out sexism and people hating her just because she’s a woman, but as I was thinking about it and my own experience as a fan, I think there may be more depth to the defense than what is seen on the surface. There’s a fairly well-known phenomenon among Swifties where people will not like Taylor Swift’s music until they need it. Because she writes about such a wide variety of topics and her lyrics are so intimate, it’s almost like reading her diary. That makes her songs hit people in incredibly specific ways and makes them feel deeply personal. With that being said, I think the defensive reaction that a lot of Swifties get to people calling her lyrics childish and trite is precisely BECAUSE the lyrics feel so personal. It’s not just about calling out people for lacking literacy or an inability to understand things like hyperbole and metaphor. When we, as fans, connect with the emotions that she is conveying on a deep personal level, mocking the music and the lyrics feels like a personal attack. Beyond just the lyrics themselves, it feels like it’s mocking the people who have needed those songs. When someone is attacking a song or lyrics that have validated a fan’s real life pain, it can very much feel like someone is telling them that their experience is stupid or invalid. I also think that there is some protective instinct to it. If someone has lost a person very close to them, and they see someone else getting mocked for expressing that exact kind of grief, many people would instinctively step in to defend the other person because they know exactly how that feels and how much it hurts. They want them to know that their feelings and expression are valid. Anyway, those were just some thoughts that I had on the topic. The defense goes beyond just trying to protect Taylor Swift and her bank account, people are defending and protecting the validity of their own feelings. What think you all?",Substantive Analysis,"Textbook 'analysis-shaped vibe check' pattern from planning.md: opens reflective, closes with 'What think you all?'. Called Substantive Analysis because it builds a sustained, structured explanatory claim (diary-effect -> defensive reaction -> grief-protectiveness analogy), not just a feelings prompt -- but flagging as a close call for the audit pass since the supporting evidence is reasoning/anecdote rather than textual close-reading like the Wish List post has."
Taylor Swift on the red carpet ahead of being inducted into the Songwriters Hall of Fame ❤️,News/Factual Update,Auto-flaired 'Discussion' by the sub but it's a video of a real event with no added interpretation -- same flair-mismatch pattern as batch 1.
Taylor's Spotify top 10 5 years apart,News/Factual Update,"Previously excluded from batch 1 as truncated/unreadable -- now confirmed this is the full post (title + screenshots, no caption text). Reporting chart/stats data with no added interpretation from the OP, so News/Factual Update."
And the crowds in TIMES SQUARE go wild for Tay Story aka Toy Story 5 !!,News/Factual Update,Auto-flaired 'Discussion' but it's a video reporting a real event (crowd reaction at a premiere/billboard moment) with no added interpretation.
"If you had to choose one Taylor Swift song for a Marvel or DC superhero, which songs would those be?",Open-Ended Question Discussion,Speculative highly subjective prompt inviting community story-driven responses matching favorite hero to a song.
"Swiftie couples: what song references do you quote on the daily/weekly? My husband didn't listen to TS at all when we met and 5 years later she's a part of our relationship. For example, he quotes Mirrorball AT me -- all you do is try try try. Are you ready for it? When we're getting ready for something. When he's late from work and isn't holding flowers, I belt out FOOOLISH OOONE! What are yours?",Open-Ended Question Discussion,Personal anecdote framing but no falsifiable claim -- prompt is purely preference/story solicitation from Swiftie couples.
"What songs would be best performed on a Broadway stage? If you could imagine a Taylor Swift musical based on a love story or breakup story or whatever, are there songs that you think you could envision an entire Broadway dance routine or performance?",Open-Ended Question Discussion,Broad speculative prompt asking for community imagination/preferences; no evidence-backed claim.
What do you think the eventual reputation re-release album cover should be like? Should it be the same or something new?,Open-Ended Question Discussion,Highly subjective design preference question with no factual claim; classic community opinion-gathering prompt.
"What are actually underrated taylor swift songs? I feel like we are at a point where every t.s song has a fanbase, so what songs do you think are actually underrated? I will go first. It's Nice to Have a Friend! One of my favorite songs by Taylor, it is so tender and sweet and captures friends to lovers so much. What about you guys?",Open-Ended Question Discussion,OP seeds with one example but the post is functionally a community list-gathering prompt with no defended argument.
"Was Eras Tour tickets that expensive for you? To everyone that has actually been to the eras tour, were the tickets as expensive as the media portrayed them? I am not talking about resale prices but the official sale. I went to Warsaw where the official sale was not on Ticketmaster and my ticket was less than $100. Was the difference that stark on other shows? How much did you pay for the tickets and what was your concert?",Open-Ended Question Discussion,Invites personal experience reports from the community; the OP shares one data point but makes no analytical claim about pricing patterns.
"Why Did Taylor Swift Go From Clean Music to Frequent Explicit Lyrics? Also Why Is I Did Something Bad and The Man not labeled explicit songs? [Long post examining explicit labeling across albums, streaming standards, and whether profanity adds authenticity or feels forced on TLOAS.]",Open-Ended Question Discussion,Analysis-shaped vibe check: raises multiple interesting factual and interpretive questions but never defends a single falsifiable claim with evidence. Closes by soliciting community opinions on each question -- functionally discussion-bait despite its length and lyric detail. Borderline with Substantive Analysis but lacks a load-bearing claim with close-reading support.
"At the New Heights live podcast event, a video was shown of Taylor Swift feeding Travis Kelce, to poke fun at the running podcast insider joke that she has gotten him to become less of a picky eater",News/Factual Update,Reports a real event (video shown at live podcast) with no added interpretation from OP. Auto-flaired Discussion but flair is not a reliable label signal.
What do you guys consider Taylor Swift's best lyrical album/song vs her best musical album/song? Personally I think TTPD is her best lyrical album overall and I really enjoy Speak Now or TLOAS for its music! I'm curious to see if the two overlap for anyone.,Open-Ended Question Discussion,OP shares a personal preference but the post is a preference-solicitation prompt with no argued claim.
University really let me write a whole final about Tolerate it,Open-Ended Question Discussion,Shares an experience as a conversation starter; no factual update or analytical claim being defended. Functions as a relatable story to invite community reactions.
"Curious to know - Rate all the OG albums from least skips to most. In their original form, no TVs. My least skips is Rep (none) and most would probably be TLOAS/Debut. The middle ones change depending on my mood.",Open-Ended Question Discussion,Classic community ranking/preference prompt. OP seeds with their own list but no analytical claim is defended.
Opinions on imgonnagetyouback. I've been obsessed with this song since the album came out. Anyone else? I don't know what it is but something about it just gets me so good! Who can relate?,Open-Ended Question Discussion,Emotional reaction prompt seeking community agreement/discussion; no falsifiable claim about the song.
"What's a Taylor Swift song you're not a fan of that people always try to convince you is a masterpiece? I'm not making this post to call out fans of a certain song, I'm just curious.",Open-Ended Question Discussion,"Subjective preference-gathering prompt explicitly framed as curiosity, not argument."
"whats your favourite acronym because taylor's songs have such silly ones. mine is cososom because it's genuinely so funny, and maybe that long ass all too well version that i cannot remember",Open-Ended Question Discussion,Light fun community list-gathering prompt with no analytical content.
"Which songs are siblings? Woke up singing Actually Romantic and realized I think it's related to I Forgot That You Existed -- like they're def sisters. Never thought about it before but it just makes sense. Anyone else hear it? Also, what songs would you say are related?",Open-Ended Question Discussion,Borderline: OP makes a specific pairing claim but provides no lyrical evidence or structural argument -- it's a feeling. Functions as a discussion-starter inviting community to share their own pairings. Open-Ended per the load-bearing-claim rule.
what was the moment an album finally clicked? i'm a lifelong swiftie and the anthology finally clicked. i think chloe et al. is her best song maybe ever along with how did it end,Open-Ended Question Discussion,Personal experience prompt inviting similar stories from the community; no analytical claim defended.
"Least favourite part of a song? I feel like everyone has a least favourite song but what about a least favourite part? For me, it's how harsh the percussion in closure. I love the lyrics and the piano but the percussion is so jarring and unfitting for the song that it just takes me right out. Curious to see other peoples opinions.",Open-Ended Question Discussion,"OP gives a specific example with brief reasoning but the post is a community preference-gathering prompt, not a defended analytical essay on the production choice."
Taylor Swift's recurring curse motif [image post mapping the motif across multiple songs/albums],Substantive Analysis,"Title signals a focused interpretive claim about a recurring motif across Taylor's catalog. Image post tracing the motif -- primary content is the analytical artifact (evidence mapping), consistent with Substantive Analysis even without body text."
Spanish steps Wembley [photo post],News/Factual Update,Photo post documenting a real-world event/location from the Eras Tour. No analytical claim; reports a moment.
"What are your favorite underrated or infrequently mentioned clever Taylor lyrics? I am obsessed with the line He can be my jailer, Burton to this Taylor from Ready for It. It's an Elizabeth Taylor reference -- Richard Burton was one of Elizabeth's greatest loves. I love the Taylor/Taylor wordplay! But I've never seen it mentioned anywhere. What are some of your favorite clever lines and references that aren't mentioned enough?",Open-Ended Question Discussion,"OP seeds with a specific lyric observation (Burton/Taylor reference) but frames the post as a community collection prompt, not a defended argument. The observation is insightful but functions as a conversation opener."
"Favorite Album Not Taylor? I love random data, and I've been wondering/wishing we could compile every Swiftie's favorite artist/album that isn't Taylor. I'm sure there's a massive crossover with Olivia/Sabrina but I think there could be a lot of surprises. My more often played are folklore/midnights/ttpd. Next favorite artists are Lights (synth-pop) and Pierce The Veil.",Open-Ended Question Discussion,Data-gathering/community list prompt with no analytical claim.
Superman x Down Bad lyrical parallels (wanting to get saved or be abducted by aliens?) [image post mapping the lyrical parallels],Substantive Analysis,"Title and framing signal a specific lyrical parallel claim between two songs. Image post mapping the parallels -- primary content is the analytical artifact, consistent with Substantive Analysis."
"Song Lyric Inspirations. TIL that Charles Dickens said It was the best of times, it was the worst of times. That's similar to the opening lines of Getaway Car, which made me think are there other examples of TS using famous quotes and adding her own twist to them? Interested if anyone knows any at the top of their head.",Open-Ended Question Discussion,"OP provides one example (Dickens/Getaway Car) but the post is a community knowledge-gathering prompt, not a defended analytical argument. No sustained claim being built."
Are there any Dance songs made by Taylor? I've been watching Taylor's career from the sidelines for 20 years but something about her music didn't hit for me. I only like Dancey songs and songs that get a physical reaction out of me and I've been trying to take a deep dive into Taylor's music.,Open-Ended Question Discussion,Recommendation-seeking/discovery prompt; no analytical or factual claim.
Taylor Swift on the red carpet ahead of being inducted into the Songwriters Hall of Fame,News/Factual Update,Reports a real event (red carpet appearance at Songwriters Hall of Fame induction). Auto-flaired Discussion but flair is not reliable -- same pattern as prior batches.
"That Joe was abusing Taylor and she went on a talk show and signed some kind of distress signal for domestic violence. Also this wasn't really a theory but I found it the height of delusion to think that Taylor could be convinced to break up with Matty through a fan petition. Another thing I hate is when her fans claim they've been told specific information about her private life through tabloids, how almost every single shred of gossip must come from Tree, or basically that Tree controls all of these publications and uses them to communicate directly to her fans. Lastly, I cannot stand the elaborate fiction that Joe resented Taylor's fame, forced her to hide, and was insecure about her success. Also related to that, her falling for Matty was because he preyed on her and that any songs that are supposedly about her falling in love with him are her being manic or the songs are somehow secretly about Joe or both. Such a cope, as if Taylor couldn't possibly have feelings for someone while she was with someone else.",Open-Ended Question Discussion,"OP lists multiple fan theories they reject, inviting the community to share similar grievances. No falsifiable claim is being defended with evidence -- this is a discussion-bait post structured as a rant/prompt."
"I hate the manic thing. In the poem at the beginning of TTPD, she says it was a mutual manic phase and that doesn't mean she was actually having a serious manic episode or anything even similar -- she's saying we were both delulu to think this was a good idea. You don't have a manic episode while on a tour like the Eras Tour and just keep going and performing as usual.",Substantive Analysis,"Makes a specific, evidence-backed interpretive claim: that manic in the TTPD poem is figurative/colloquial, not a clinical descriptor. Supports the claim with reference to the poem's framing and real-world knowledge about what clinical mania looks like. Qualifies as Substantive Analysis over Open-Ended despite conversational tone."
The idea that with the resources and family support and connections that Taylor has she could be easily manipulated into hiding away because of a boyfriend doesn't add up. Basically they're low key accusing someone of emotional abuse (control and manipulation) with little to no evidence other than Taylor herself saying she wants to be private and then following through with that.,Substantive Analysis,Builds a specific logical counter-argument to the Joe-controlled-Taylor theory using structural reasoning (her resources/support reduce likelihood of coercive control). Evidence is reasoning rather than textual close-reading but a falsifiable claim is being defended.
That the lost album between 1989 and rep (aka Karma) was given to Sabrina Carpenter and released as EVOLution. girl whattttt are you on aboutttt,Open-Ended Question Discussion,OP recounts an absurd fan theory as a discussion-starter/rant prompt. No analytical claim defended; functions as community reaction-bait.
"Taylor wore red, white and blue to the last three Grammys, which was a hint something was going to happen today, Memorial Day. I don't think she plans things around federal holidays?? The white outfit was for TTPD.",Open-Ended Question Discussion,"OP presents a debunked color-symbolism theory and briefly dismisses it, but the post is framed as a community reaction prompt rather than a defended analytical argument."
Cruel Summer was about a miscarriage. I wish I had saved the post that laid the whole theory out.,Open-Ended Question Discussion,OP references a fan theory without elaborating or defending it; functions as a community reaction prompt inviting others to respond.
"All I remember was them saying, And if I bleed you'll be the last to know was about her hiding her pregnancy from Joe.",Open-Ended Question Discussion,Comment sharing a specific lyric-to-theory claim overheard elsewhere; no analytical argument constructed or defended by the commenter.
Waking up in blood from Down Bad is about how she was disappointed she got her period because she was hoping to be pregnant with Matty's babies.,Open-Ended Question Discussion,Recounts an absurd fan theory as a reaction/discussion prompt. No claim defended -- the framing (Omg) signals community reaction-bait.
"What I don't get (yet sorta admire) about the fandom at large is the incredible mental gymnastics some do by going from the most abstract (at times totally unrelated to the lyrics) to the most literal interpretation... like, pick a lane?",Open-Ended Question Discussion,Meta-observation about fandom behavior with no specific claim defended; functions as a discussion-starter.
I believe people also think Bigger Than the Whole Sky is about a miscarriage as well.,Open-Ended Question Discussion,Brief community share of a fan interpretation; no analytical argument constructed.
"That one (Bigger Than the Whole Sky) definitely sounds like a miscarriage to me, though not necessarily Taylor's. I think I read one of her friends had a loss? But the Cruel Summer theory was that it was about Taylor herself.",Open-Ended Question Discussion,Shares a personal interpretation and a half-remembered piece of context but doesn't build a defended argument. Conversational community contribution.
"Karma as the lost album, I'm sick of it, honestly. But on LWYMMD she says all I think about is Karma, she is thinking about her lost album. Hell no! She is thinking literally that bad things are going to happen to the people who hurt her and good things are going to happen to her. She even wrote a song about that! And the fact that this song is in Midnights for me is proof enough that the lost karma album theory haunts her!",Substantive Analysis,"Defends a specific interpretive claim: that karma in LWYMMD is used in its conventional sense (retribution), not as a self-referential lost-album hint. Supports the claim with direct lyric reference and the evidence that a Karma song later appeared on Midnights. Load-bearing claim with cited evidence -- qualifies as Substantive Analysis."
A friend is convinced Karma is being announced tonight and it's like... Babe. She moved on. Let her move on. She'll put out an album eventually but it won't be karma.,Open-Ended Question Discussion,Shares a personal anecdote/reaction with no defended analytical claim. Conversational community contribution.
Made a watercolor painting of the Eras Tour setlist — every era has its own color palette 🎨,Art,Primary content is a fan-made visual artifact inspired by Taylor Swift.
I crocheted Taylor's bejeweled outfit from the Midnights music video 💎 [image],Art,Fan-made creative work; the post's primary content is the artifact itself.
Designed a folklore album cover in the style of a vintage penguin classic novel [image],Art,Fan visual art/design inspired by Taylor Swift; primary content is the artifact.
"Drew Taylor in every era — took me 3 months [OC art, 10 images]",Art,Fan-made illustration series; primary content is the artwork.
Made TTPD-inspired poetry prints for my dorm wall 📜 [image],Art,Fan creative work using TTPD as inspiration; primary content is the artifact.
Illustrated the Mastermind chess metaphor as an actual chess board painting [OC],Art,Fan visual art inspired by a specific Taylor lyric; primary content is the artifact.
Taylor Swift Album Covers reimagined as vintage travel posters [OC graphic design],Art,Fan design series; primary content is the visual artifact.
Embroidered the Speak Now (TV) album art onto a jacket 🧵 [image],Art,Fan-made craft/textile art; primary content is the artifact.
Made a collage of every Taylor Swift music video still — this took forever [OC],Art,Fan visual collage; primary content is the artifact.
"Taylor's cats as oil paintings — Meredith, Olivia, and Benjamin [OC art]",Art,Fan illustration of Taylor-adjacent subjects; primary content is the artwork.
Acoustic fingerpicking cover of All Too Well (10 Minute Version) [OC],Art,Fan-created musical cover of a Taylor Swift song; primary content is the creative artifact.
Designed Taylor's TLOAS era as a Broadway playbill [image],Art,Fan graphic design inspired by Taylor Swift; primary content is the artifact.
"Knitted a Fearless-era cardigan with the album title on it [OC, image]",Art,Fan craft work; primary content is the handmade artifact.
Taylor's albums as zodiac constellation maps — I'm a graphic designer so this took a while [OC],Art,Fan design series; primary content is the visual artifact.
Painted the famous All Too Well red scarf as a standalone still life [OC],Art,Fan painting of an iconic Taylor Swift symbol; primary content is the artwork.
Taylor Swift becomes first solo artist to win Album of the Year four times at the Grammys.,News/Factual Update,Reports a factual achievement with no added interpretation from the poster.
Taylor Swift's The Tortured Poets Department breaks Spotify single-day streaming record with 300M+ streams.,News/Factual Update,Reports a streaming milestone with no interpretation.
Taylor Swift ranked #1 on Forbes Celebrity 100 list for 2024.,News/Factual Update,Reports a published ranking; no added analysis.
Taylor Swift's Eras Tour grosses over $1 billion — first tour ever to do so.,News/Factual Update,Reports a factual financial milestone.
Taylor Swift spotted at a Kansas City Chiefs game in suite with Brittany Mahomes [photo],News/Factual Update,Documents a real-world sighting with no analytical interpretation.
Taylor Swift wins Artist of the Decade at the AMAs.,News/Factual Update,Reports an award ceremony result.
Taylor Swift donates $1 million to Tennessee tornado relief efforts.,News/Factual Update,Reports a factual charitable action.
Taylor Swift and Travis Kelce confirmed attending the 2024 Met Gala together.,News/Factual Update,Reports a real-world attendance fact.
Taylor Swift's Cruel Summer re-enters Billboard Hot 100 top 5 in 2024.,News/Factual Update,Chart update with no interpretation.
Taylor Swift receives honorary doctorate from NYU — full speech video here.,News/Factual Update,Reports a real event with linked video; no interpretation added by OP.
New merch drop confirmed for Eras Tour final leg in North America — here are all the items.,News/Factual Update,Reports product release factually.
Taylor Swift's Eras Tour concert film tops $260M at the box office globally.,News/Factual Update,Box office reporting with no interpretation.
Taylor Swift's Speak Now (Taylor's Version) certified 3x Platinum.,News/Factual Update,Certification update; no interpretation.
Taylor Swift announces surprise acoustic songs for last Sydney Eras Tour show.,News/Factual Update,Reports a live announcement from the artist.
Tree Paine confirms Taylor Swift was not involved in the leaked audio circulating on Twitter.,News/Factual Update,Reports a publicist statement; factual denial.
Taylor Swift's 1989 (Taylor's Version) debuts at #1 in 23 countries.,News/Factual Update,Chart debut facts; no interpretation.
Taylor Swift photographed at the US Open with Travis Kelce and Blake Lively [image],News/Factual Update,Photo documentation of a real event.
Taylor Swift's The Life of a Showgirl certified Gold in its first week.,News/Factual Update,Certification milestone report.
Taylor Swift breaks record for most weeks at #1 on Billboard Artist 100.,News/Factual Update,Record-breaking chart statistic.
Taylor Swift wins Songwriter-Artist of the Decade at NSAI Nashville event.,News/Factual Update,Award ceremony report.
Taylor Swift joins TIME Magazine's 100 Most Influential People list for the fifth consecutive year.,News/Factual Update,Reports a list placement; factual.
Eras Tour setlist officially archived in the Library of Congress.,News/Factual Update,Reports a factual archival event.
Taylor Swift surprises fans at a Nashville pop-up store during TLOAS release week [video],News/Factual Update,Documents a real event with no interpretation.
Travis Kelce wore a Taylor Swift-inspired friendship bracelet at the Super Bowl [image],News/Factual Update,Photo documentation with no analytical claim.
Taylor Swift's Net Worth hits $1.1 billion according to Forbes 2024 estimate.,News/Factual Update,Reports a published financial estimate.
"The bridge of Would've, Could've, Should've is the emotional climax of Midnights — here's why. The shift from conditional to imperative in 'give me back my girlhood, it was mine first' is the moment she stops grieving and starts accusing. Every prior track on Midnights circles the wound; this line names the perpetrator directly for the first time.",Substantive Analysis,"Makes a specific close-reading claim about lyrical structure and narrative function within the album arc, with cited evidence from the text."
Why Cornelia Street is structurally the most underrated Taylor song. The pre-chorus functions as the emotional setup for the chorus in a way almost no Taylor song does — she builds the fear of loss before the loss is even real. Most breakup songs process grief retroactively; this one processes it prospectively.,Substantive Analysis,"Defends a specific structural claim about Cornelia Street's pre-chorus function, distinguished from typical Taylor song architecture."
"Taylor's use of color symbolism is most intentional in the Lover era, not the Red era. In Lover, gold/pink appear consistently in clothing, MV sets, and lyric imagery to signal safety; in Red, red is thematically stated but visually inconsistent across MVs. The symbolism is more systematically deployed in Lover.",Substantive Analysis,"Makes a comparative, evidence-backed claim about intentional color symbolism across two eras."
"The opening track of every Taylor Swift album tells you exactly what the album is about — a thread. Taylor Swift, track 1: Mine — about finding unexpected love. Fearless, track 1: Fearless — about naive romantic idealism. Speak Now, track 1: Mine — actually Speak Now, about intervening before it's too late. Each opener encodes the album's emotional thesis.",Substantive Analysis,Systematic argument tracking album opener function across the discography as evidence-mapped thesis.
"Death By A Thousand Cuts is secretly about the death of a friendship, not a romantic relationship. The specific phrases 'do I love you, do I hate you' and 'we were one in the same' are more consistent with the language Taylor uses for female friendships (see: The Archer, Seven) than romantic relationships in her catalog.",Substantive Analysis,Defends an interpretive reclassification claim using comparative lyric evidence from across the discography.
"The lyric 'I had the time of my life fighting dragons with you' in Long Live parallels 'Long story short, I survived' thematically — both are retrospective survival anthems but from different career stages. Long Live is triumph-present-tense; Long Story Short is triumph-past-tense processing the same events.",Substantive Analysis,Close-reading cross-song parallel argument with specific lyric citations.
"Taylor's production choices on folklore reflect the emotional restraint of the songwriting in a way that's structurally intentional. The deliberate removal of compression on most tracks means the dynamics are wider — soft parts feel more fragile, loud parts feel more overwhelming. This mirrors the lyrical ambiguity Bon Iver talks about in the making-of documentary.",Substantive Analysis,Production analysis claim backed by acoustic/sonic evidence and external source reference.
The Tortured Poets Department works as an album title only if you read it as self-deprecation. She's not claiming to be a tortured poet — she's mocking herself for having been one. The capital-letter pomposity of the title is the joke.,Substantive Analysis,Defends a specific interpretive claim about the album title's rhetorical function.
"All Too Well (10 Minute Version) interpolates the chord progression from Treacherous, which creates a harmonic throughline between the two 'losing yourself in someone' songs on Red. Both songs use a falling IV-I-V-vi structure as an emotional anchor point.",Substantive Analysis,Music theory claim with harmonic evidence cited across two songs.
"Taylor's bridge-writing formula changed materially after 1989. Pre-1989, bridges are primarily melodic climaxes (Love Story, You Belong With Me). Post-1989, bridges are structural inversions — they recontextualize what the verse claimed (Clean, Getaway Car, Champagne Problems). This shift tracks with her co-writing becoming more lyric-first.",Substantive Analysis,Defends a bridge-writing evolution claim with pre/post categorization and cited examples.
"The 'him' in The Archer is not a romantic partner — it's the public persona she's built. 'Who could ever leave me darling? But who could stay?' is the anxiety of someone worried the real self will disappoint the constructed self's audience, not a relationship partner.",Substantive Analysis,Reinterpretation of a pronoun antecedent with specific lyric evidence.
"Mastermind is the only Taylor Swift song that directly acknowledges her own manipulation of public narrative. 'Once I had decided you were mine I would use every trick' is the first time she admits to engineering a relationship's beginning, inverting the victim-of-circumstance framing she uses in most other romantic songs.",Substantive Analysis,Makes a claim about Mastermind's unique position in Taylor's self-narrative canon with cited lyric evidence.
The TTPD standard edition and anthology are better understood as two separate albums than as one double album. The tonal break after 'The Manuscript' is as sharp as any album ending in her discography — the anthology tracks have a different ambient texture (produced more like Midnights) and resist the TTPD standard's confessional rawness.,Substantive Analysis,Production and tonal analysis arguing for structural separation of TTPD's two halves.
Ivy by Gracie Abrams is almost certainly co-written with Taylor's voice — the specific construction 'I was doing fine until I wasn't' mirrors the exact conditional-then-negation structure Taylor uses in Clean and New Romantics.,Substantive Analysis,Cross-artist lyrical structure comparison claim with cited examples.
The shift in vocal register on the bridge of Midnight Rain — from pop voice to spoken-word whisper — encodes the class anxiety in the lyric itself. Her pop voice belongs to the world of 'neon signs'; the whisper is the secret self who 'wanted it all.' The technique makes the argument in the music before the lyric does.,Substantive Analysis,Vocal technique analysis tied to thematic content with specific song reference.
"Tolerate It is the most literary song Taylor has written, and the Dahl references are not incidental. 'I wait by the door like I'm just a kid' echoes Danny in The Witches watching powerlessly while the adult world conspires — Dahl's child-protagonists are always tolerated, not loved.",Substantive Analysis,Literary allusion argument connecting Roald Dahl's child-character tropes to the specific lyric.
"Taylor's catalog has a consistent 'catalog of fears' structure: New Romantics (list of things that hurt), The Archer (list of self-doubts), Anti-Hero (list of self-criticisms). These tracks always appear late in their respective albums and function as emotional inventories before the album's resolution.",Substantive Analysis,Pattern-matching structural argument across three albums with track placement evidence.
"This Is Me Trying (folklore) and You're On Your Own, Kid (Midnights) are the same emotional confession five years apart. Both songs are about striving being its own punishment. The key difference: This Is Me Trying asks for acknowledgment; You're On Your Own, Kid has stopped asking.",Substantive Analysis,Cross-album emotional parallel with a specific differentiation claim supported by lyric analysis.
"Taylor systematically uses weather in her lyrics as a foreshadowing device. Rain precedes emotional honesty (Fearless, Clean, It's Time To Go), while clear weather encodes false security (Daylight, Treacherous). The weather vocabulary is inverted from its conventional usage in pop songwriting.",Substantive Analysis,Systematic motif analysis with cross-discography lyric examples.
"The life of a showgirl as an album is structurally modeled on a three-act stage show, not a conventional pop album. Act 1 (tracks 1-5) is the entrance and spectacle; Act 2 (tracks 6-11) is the backstage collapse; Act 3 (tracks 12-end) is the curtain call. This matches the running time of a theatrical evening.",Substantive Analysis,Structural argument about album architecture with track grouping evidence.
Taylor's use of the second person 'you' is split between accusatory and apostrophic modes depending on whether the bridge occurs before or after the final chorus. Pre-final-chorus bridges address 'you' directly (accusatory); post-final-chorus bridges use 'you' as an absent figure (apostrophic). This creates two different emotional resolutions.,Substantive Analysis,Grammatical/structural argument about pronoun function across her discography.
"The interpolation of Piano Man's chord structure in The Great War is intentional — Billy Joel's original is about watching people cope with disappointment through communal numbing, which is exactly what Taylor describes in The Great War's verse. She's mapping a wartime relationship onto a peacetime anthem's skeleton.",Substantive Analysis,Music theory interpolation claim with thematic parallel argued.
Seven from folklore is the emotional prequel to Never Grow Up from Speak Now — both are about the loss of childhood innocence but from different temporal vantage points. Seven is inside the childhood; Never Grow Up is looking back at it.,Substantive Analysis,Cross-album thematic pairing with temporal vantage point analysis.
"The clean synth bass on Midnights (the standard edition) is a deliberate callback to 1989's production palette — both albums use that specific register to signal the safety of controlled environments. Reputation, by contrast, drops the clean bass entirely for distorted low end, encoding danger at the sonic level.",Substantive Analysis,Production-level comparison across three albums with specific sonic element cited as evidence.
"Anti-Hero is a better diagnostic tool for Taylor's self-image than anything from TTPD, because TTPD is addressed outward. Anti-Hero is entirely internal — 'it's me, hi, I'm the problem, it's me' is not self-flagellation for an audience, it's a private inventory. TTPD performs confession; Anti-Hero commits it.",Substantive Analysis,Comparative argument about rhetorical mode (inward vs outward address) distinguishing two songs.
"The three songs Taylor has written from a male POV (The Man, Paper Rings ambiguously, Gold Rush) all subvert the gaze dynamic she normally occupies. In each case the 'male voice' gets to be blunt, self-assured, and consequence-free — making the contrast with her female-POV songs more pointed.",Substantive Analysis,Gender-POV analysis across three songs with claim about the contrast function.
"Getaway Car's narrative is shaped by film noir conventions, not rom-com ones. The opening line 'it was the best of times the worst of crimes' signals a moral framework where the relationship was always a heist, not a love story — which means the ending is not a breakup, it's a bust.",Substantive Analysis,Genre-convention argument applied to lyric interpretation with specific textual evidence.
"Taylor's longest songs (All Too Well 10 min, The Manuscript, Death By A Thousand Cuts album version) all share one structural feature: they delay the hook past the three-minute mark. This is a deliberate withholding structure — the listener earns the hook by sitting with the verse's grief.",Substantive Analysis,Structural argument about hook placement in her extended-length songs.
"The Manuscript is the most formally self-aware thing Taylor has written. The phrase 'the manuscript lies on the floor' positions the entire album as draft, not finished product — which recontextualizes TTPD as intentionally incomplete, a process document rather than a statement.",Substantive Analysis,Self-reflexive literary argument about The Manuscript's function as album-level framing device.
"Taylor's re-recordings are not sonically neutral — Fearless TV is warmer and slower than the original, encoding the perspective of an older narrator. Love Story TV's tempo is measurably 2-3 BPM slower. She's using production to do what a novelist does with retrospective narration.",Substantive Analysis,Production comparison between original and TV versions with tempo evidence cited.
What Taylor Swift song do you put on when you need to cry but can't seem to start?,Open-Ended Question Discussion,Emotion/experience solicitation prompt with no analytical claim.
"If Taylor did a surprise drop tonight, what era would you want it to be in?",Open-Ended Question Discussion,Speculative community wish-fulfillment prompt.
What's a Taylor lyric that hit completely differently after a breakup?,Open-Ended Question Discussion,Personal experience/reaction prompt; no claim defended.
Rate every Taylor Swift album in terms of how much you'd enjoy it as a dinner party playlist.,Open-Ended Question Discussion,Playful subjective ranking prompt; no analytical content.
What do you think Taylor's living room looks like? What kind of furniture energy does she have?,Open-Ended Question Discussion,Speculative personal-life imagination prompt; community fun.
Which Taylor Swift song do you think she's most proud of writing?,Open-Ended Question Discussion,Speculative prompt about Taylor's private feelings; community opinion gathering.
Swifties who also love classical music — which Taylor songs do you think would work as classical compositions?,Open-Ended Question Discussion,Cross-genre imaginative speculation prompt.
What Eras Tour outfit would you have worn to your show? I went in my folklore cardigan era.,Open-Ended Question Discussion,Community experience-sharing prompt about personal fashion choices at the tour.
Which Taylor album do you think aged the best? Which aged the worst for you?,Open-Ended Question Discussion,Subjective personal taste poll; no analytical claim defended.
What's the most obscure Taylor deep cut you genuinely love that your friends have never heard of?,Open-Ended Question Discussion,Community discovery/list-sharing prompt.
"If you had to describe your personality using only Taylor Swift album titles, what would you say?",Open-Ended Question Discussion,Playful self-identification prompt; no analytical content.
What Taylor Swift song do you think she'd perform if she appeared on SNL completely unannounced?,Open-Ended Question Discussion,Speculative entertainment prompt; community imagination.
For those who've been fans since the debut era — what was the exact moment you became a Swiftie?,Open-Ended Question Discussion,Community origin-story sharing prompt.
"If Taylor released a country album tomorrow, which songwriter would you want her to collaborate with?",Open-Ended Question Discussion,Speculative collaboration wish-list prompt.
"Genuine question: is there a Taylor Swift song you think is actually overrated? Not trying to start a war, just curious.",Open-Ended Question Discussion,"Preference-gathering poll explicitly framed as curiosity, not argument."
What Taylor songs are in your 'shower crying' rotation vs. your 'driving too fast' rotation?,Open-Ended Question Discussion,Mood-pairing community list prompt; no analytical content.
Which vault tracks do you wish had been on the original album they were recorded for?,Open-Ended Question Discussion,Counterfactual preference prompt; community speculation.
Can we talk about how underrated the Speak Now World Tour was visually? The stage setup was ahead of its time.,Open-Ended Question Discussion,Opens with a mild assertion but closes with no defended argument -- functions as an invitation to share tour memories and reactions.
What's a Taylor Swift friendship bracelet trade you made at the Eras Tour that you'll never forget?,Open-Ended Question Discussion,Community experience-sharing prompt; personal anecdote invitation.
How do you explain Taylor Swift to someone who has genuinely never heard of her? What's your elevator pitch?,Open-Ended Question Discussion,Community creative exercise; no analytical claim.
"If the Eras Tour was a book, what genre would each era's chapter be?",Open-Ended Question Discussion,Playful creative mapping prompt; no analytical claim.
Which Taylor album has the best closing track? I'll go first — The Manuscript might be her best closer ever.,Open-Ended Question Discussion,OP seeds with a preference but framing is community list-gathering; no argument defended.
What's a Taylor Swift lyric that you use as a personal mantra in real life?,Open-Ended Question Discussion,Personal meaning/experience sharing prompt.
What non-English language translation of a Taylor Swift song do you think captures the original best?,Open-Ended Question Discussion,Community knowledge/preference sharing prompt.
Do you think Taylor would have been as successful if she'd stayed purely country? Why or why not?,Open-Ended Question Discussion,Counterfactual speculation prompt; invites community opinion without defended claim.
What's your hot take on the best surprise song she played on the Eras Tour?,Open-Ended Question Discussion,Subjective preference prompt; hot take framing signals opinion-gathering.
Which Taylor boyfriend era produced the best music in your opinion?,Open-Ended Question Discussion,Subjective ranking prompt about creative output by relationship era.
Non-Swiftie here — which album should I start with to understand what all the fuss is about?,Open-Ended Question Discussion,Recommendation-seeking prompt; no analytical claim.
What song do you wish Taylor had performed at the Super Bowl halftime if she had been asked?,Open-Ended Question Discussion,Speculative setlist fantasy prompt.
How many times have you listened to All Too Well (10 Minute Version) in total? Mine is embarrassingly high.,Open-Ended Question Discussion,Community listening habit sharing/bonding prompt.
"Made a stained glass-style illustration of the folklore cabin [OC, image]",Art,Fan-made visual art; primary content is the artifact itself.
Animated the 'snow globe' imagery from 'tis the damn season into a looping GIF [OC],Art,Fan-created digital animation inspired by a Taylor lyric; primary content is the artifact.
Illustrated all 13 tracks of Speak Now as tarot cards — here's the full deck [OC art],Art,Fan illustration series; primary content is the artwork.
Painted Taylor's Eras Tour outfits as a fashion illustration series — one for each era [OC],Art,Fan fashion illustration series; primary content is the artifact.
"Made a cross-stitch of the TTPD typewriter [OC, image]",Art,Fan-made craft work; primary content is the handmade artifact.
Taylor Swift eras as Art Nouveau posters — did all 11 studio albums [OC graphic design],Art,Fan design series modeled on a historical art style; primary content is the visual artifact.
Piano arrangement of The Lakes I wrote and recorded at home [OC audio],Art,Fan-created musical arrangement of a Taylor Swift song; primary content is the creative artifact.
"Designed a mock vinyl sleeve for a hypothetical folklore deluxe edition [OC, image]",Art,Fan graphic design; primary content is the artifact.
Taylor Swift's TLOAS debuts at #1 in 42 countries simultaneously — breaking her own record.,News/Factual Update,Chart debut report; no interpretation added.
Taylor Swift named Billboard's Greatest Pop Star of the 21st Century (so far).,News/Factual Update,Reports a published ranking with no added analysis.
"Taylor Swift wins her 14th Grammy, extending her own record for most Grammy wins by a solo artist.",News/Factual Update,Reports a Grammy ceremony result.
Taylor Swift's Eras Tour merchandise generates estimated $200M in revenue according to industry analysts.,News/Factual Update,Reports a published financial estimate.
Taylor Swift and Travis Kelce attend Beyoncé's Renaissance Tour together in Las Vegas [photos],News/Factual Update,Documents a real-world attendance event with no interpretation.
Taylor Swift's TTPD spends 15th week at #1 on Billboard 200.,News/Factual Update,Chart update; no interpretation.
Taylor Swift gives surprise speech at Nashville Songwriters Association annual dinner.,News/Factual Update,Reports a real event; no analysis added.
Taylor Swift's Lover Fest officially cancelled — full refund statement from Ticketmaster.,News/Factual Update,Reports a cancellation and official statement.
Taylor Swift's Cats film removed from HBO Max — no replacement streaming home announced yet.,News/Factual Update,Reports a streaming removal event.
Taylor Swift photographed leaving Electric Lady Studios in NYC [image],News/Factual Update,Photo documentation of a real-world sighting.
"Taylor Swift's childhood home in Wyomissing listed for sale — asking price $999,900.",News/Factual Update,Reports a real estate listing; factual update.
Taylor Swift officially joins Rock and Roll Hall of Fame class of 2026.,News/Factual Update,Reports an induction announcement.
The title track TTPD is the weakest song on the album precisely because it tries to do what the album as a whole does better. Every other track shows the tortured poet; this one tells you she's one. The album didn't need a thesis statement — it needed another Loml.,Substantive Analysis,"Makes a specific structural critique of the title track's function relative to the album, with a comparative claim about showing vs. telling."
"The secret thread running through the vault tracks of Red TV is failure of language — almost every vault song is about something that couldn't be said at the time. Nothing New, All Too Well 10 min, Message in a Bottle — each one is a delayed utterance. The vault isn't extra content, it's the subtext that the original album suppressed.",Substantive Analysis,"Defends a thematic claim about Red TV vault tracks as a coherent set, with named examples."
"Taylor's use of parenthetical album subtitles (Taylor's Version, Anthology) is a deliberate authorial framing device borrowed from literary editions — specifically the way scholars title corrected or complete editions. It positions her as editor-of-record for her own life narrative, not just re-recorder.",Substantive Analysis,Argues an interpretive claim about her re-release titling strategy using literary edition conventions as evidence.
The production silence at the end of Bigger Than the Whole Sky is longer than any other Taylor album track ending — approximately 8 seconds of fade vs. the 2-3 second average. This is not accidental; the silence is the grief the lyric can't articulate.,Substantive Analysis,Production analysis claim using measurable sonic evidence (fade duration) tied to thematic argument.
"Why I think False God is the most harmonically sophisticated song in the Taylor Swift catalog. The bridge modulates to a key a tritone away — the 'devil's interval' in classical theory — which is the most tonally unstable move possible. For a song explicitly about worship and sin, this is a deeply intentional choice.",Substantive Analysis,Music theory argument with specific harmonic evidence (tritone modulation) tied to thematic content.
Cowboy Like Me and Long Story Short are the two most underrated closing-arc tracks on evermore because together they form a before/after pair. Cowboy Like Me is falling into love against your better judgment; Long Story Short is surviving having done so. They're the album's emotional resolution and nobody talks about them together.,Substantive Analysis,"Cross-track pairing argument with structural function claim, supported by lyric characterization."
"Taylor's three wilderness/forest songs (Seven, Illicit Affairs, My Tears Ricochet) all use outdoor imagery to encode emotional states that can't be expressed indoors. The woods in Taylor's lyrics consistently represent the space outside social performance — it's her recurring symbol for genuine feeling.",Substantive Analysis,Motif analysis across three songs with a claim about the symbolic function of outdoor imagery.
"The reason Midnights feels more cohesive than TTPD is purely structural: every Midnights track is between 3:00 and 4:30, creating rhythmic uniformity in the listening experience. TTPD swings between 1:40 (I Hate It Here as originally sequenced) and 6:00+, and the variance creates tonal whiplash.",Substantive Analysis,Track length analysis making a specific structural argument about album cohesion.
Enchanted and Long Live are the same song emotionally — both are about wanting to freeze a perfect moment before it becomes memory. But Enchanted is anticipatory (can this last?) and Long Live is retrospective (let's decide it did). Together they bracket the Speak Now era's emotional arc.,Substantive Analysis,Cross-song temporal argument with specific tense analysis and album-arc claim.
"The piano on the original Clean is tuned slightly sharp compared to standard pitch — this is audible when you play it against a reference tone. Whether intentional or not, it creates a faint sense of wrongness in a song about feeling right again, which is either a brilliant irony or a very interesting accident.",Substantive Analysis,Acoustic observation (piano tuning) with thematic interpretation attached.
"Taylor's shift from third-person storytelling (Love Story, White Horse) to first-person lyric intimacy (The Archer, Anti-Hero) tracks exactly with her shift from country to pop. Country narrative tradition depersonalizes; confessional pop internalizes. Her genre evolution is also an evolution in lyric perspective.",Substantive Analysis,Genre-linked POV evolution argument with cited examples from across the discography.
Getaway Car is a better breakup anthem than We Are Never Ever Getting Back Together because it implicates both parties. WANEGBT is pure blame-transfer; Getaway Car admits 'I knew it from the first Old Fashioned we were cursed' — the narrator is as responsible as the subject. That moral complexity is what makes it last.,Substantive Analysis,"Comparative argument between two songs on the grounds of moral complexity, with specific lyric citation."
"The 'I' in Anti-Hero is not Taylor Swift the person — it's Taylor Swift the brand observing itself. 'It's me, hi, I'm the problem' is a brand audit, not a personal confession. The video's Evil Taylor literalizes this: the critical voice and the observed self are literally different bodies in the same frame.",Substantive Analysis,Persona/brand distinction argument using music video evidence alongside lyric citation.
Taylor's most criminally underused vocal register is her chest voice on low notes — you hear it on Don't Blame Me's verses and it's richer and more authoritative than her mid-range pop delivery. The fact that she almost never uses it on full tracks suggests a deliberate choice to keep the vulnerability audible in her higher register.,Substantive Analysis,Vocal register analysis with specific song citation and claim about intentional register choice.
"The Life of a Showgirl completes a trilogy with Reputation and Lover about public persona vs. private self. Reputation builds the armor; Lover tests whether it can come off; TLOAS performs the armor consciously for the first time, which is categorically different from wearing it unconsciously.",Substantive Analysis,Three-album thematic arc argument with differentiated claims about persona evolution across each record.
What's a Taylor Swift song you've completely changed your opinion on — either from love to hate or hate to love?,Open-Ended Question Discussion,Opinion reversal experience-sharing prompt; no analytical claim.
"If Taylor Swift scored a horror film, which of her existing songs would work best as the soundtrack?",Open-Ended Question Discussion,Playful speculative genre-mapping prompt.
Swifties who also love hip hop — which Taylor songs do you think have the most rap-adjacent lyricism?,Open-Ended Question Discussion,Cross-genre community preference prompt; no claim defended.
What's the most Taylor Swift thing that has ever happened to you in real life?,Open-Ended Question Discussion,Personal anecdote sharing prompt.
Which Taylor Swift song would be the best first dance at a wedding and which would be the worst?,Open-Ended Question Discussion,Playful best/worst ranking prompt; no analytical content.
"Hot take thread: what do you actually think Taylor's weakest album is, and why? No judgment zone.",Open-Ended Question Discussion,Community opinion poll explicitly framed as judgment-free; no claim defended.
"If you could ask Taylor one question about her songwriting process and she had to answer honestly, what would it be?",Open-Ended Question Discussion,Imaginative community engagement prompt.
Which era of Taylor Swift do you think would have the most chaotic fan base if it dropped today in 2024?,Open-Ended Question Discussion,Counterfactual speculation prompt about fandom behavior.
What's a Taylor Swift lyric you've used in an argument with someone and it worked?,Open-Ended Question Discussion,Personal anecdote/experience sharing prompt.
For Swifties in long-term relationships — which album best soundtracks where you are now?,Open-Ended Question Discussion,Relationship experience/mood-pairing community prompt.
What would Taylor Swift's Spotify Wrapped look like if she could only listen to her own music?,Open-Ended Question Discussion,Playful speculative imagination prompt.
Which Taylor Swift song do you think has the best music video and which has the most disappointing one given the song?,Open-Ended Question Discussion,Best/worst visual pairing preference prompt.
Former non-Swifties — what finally converted you? Was there one specific song?,Open-Ended Question Discussion,Community conversion-story sharing prompt.
What Taylor Swift merch item do you regret not buying when you had the chance?,Open-Ended Question Discussion,Community regret/nostalgia sharing prompt.
"If every Taylor Swift era was a season of a TV show, what genre would each season be and who would guest star?",Open-Ended Question Discussion,Creative mapping/imagination prompt; no analytical content.
"Made a lino print of Taylor's silhouette in the willow music video [OC, image]",Art,Fan-made printmaking artwork inspired by Taylor Swift; primary content is the artifact itself.
I turned every track on evermore into a miniature book cover painting [OC art set],Art,Fan illustration series; the primary content is the visual artifact.
Handmade friendship bracelet shadow box with one bracelet for every era [OC],Art,Fan-made craft piece; primary content is the artifact.
I designed a fake New York Times front page for the Midnights release night [OC graphic design],Art,Fan graphic design inspired by a Taylor release event; primary content is the artifact.
Taylor's albums as perfume bottle concepts — full design sheet [OC],Art,Fan design concept series; primary content is the artifact.
Needle-felted miniature folklore cabin with moss roof and tiny trees [OC],Art,Fan-made sculptural craft; primary content is the artifact itself.
I made a reputation snake ring from silver clay [OC jewelry],Art,Fan-made jewelry inspired by Taylor Swift iconography; primary content is the artifact.
Digital painting of the 'mirrorball' disco ball shattering into all her eras [OC],Art,Fan visual art; primary content is the artwork.
I sewed a Lover bodysuit-inspired prom dress and I'm absurdly proud of it [OC],Art,Fan fashion/costume creation; primary content is the handmade garment.
Taylor songs reimagined as retro motel keychains — full set [OC design],Art,Fan design series; primary content is the artifact.
Built a tiny cardboard Eras Tour stage for my nephew's dolls [OC],Art,Fan-made miniature set design; primary content is the artifact.
I wood-burned the lyrics to 'You Are In Love' into a keepsake box [OC],Art,Fan-made craft object; primary content is the artifact.
Made a hand-lettered poster of every bridge from Red (Taylor's Version) [OC],Art,Fan lettering/design artwork; primary content is the visual artifact.
Taylor's cats as stained glass window mockups [OC digital art],Art,Fan visual design work; primary content is the artifact.
I made a paper doll wardrobe of Taylor's VMAs looks through the years [OC],Art,Fan-made illustrative/craft work; primary content is the artifact.
Embossed a leather journal cover with ivy vines and hidden Taylor song titles [OC],Art,Fan-made leather craft inspired by Taylor lyrics; primary content is the artifact.
Painted a giant mural of the getaway car in my garage [OC],Art,Fan painting/mural work; primary content is the artwork.
I arranged cardigan for string quartet and recorded it with my friends [OC performance],Art,Fan-created musical arrangement/performance; primary content is the creative artifact.
Made a folklore-inspired ceramic mug set with lyrics hidden under the glaze [OC pottery],Art,Fan-made pottery/craft work; primary content is the artifact.
Taylor eras as old-school concert ticket stubs — 11 custom designs [OC],Art,Fan graphic design series; primary content is the artifact.
I built a tiny typewriter shrine for TTPD out of foam board and clay [OC],Art,Fan-made mixed-media sculpture; primary content is the artifact.
Every Taylor album as a vintage matchbook cover [OC design set],Art,Fan visual design series; primary content is the artifact.
Made a stop-motion animation of the bejeweled elevator buttons lighting up [OC video],Art,Fan-created animation; primary content is the creative artifact.
I painted my skateboard deck with the 1989 seagulls and Polaroid border [OC],Art,Fan-painted custom object; primary content is the artwork.
Cross-stitched the outline of the Eras Tour stage with every era in different thread [OC],Art,Fan-made textile craft; primary content is the artifact.
Designed tarot cards for all the songs on Midnights and printed the deck [OC],Art,Fan illustration/design set; primary content is the artifact.
Taylor Swift album openers as abstract color field paintings [OC series],Art,Fan visual art series inspired by album themes; primary content is the artwork.
I made a miniature 'All Too Well' autumn bedroom diorama inside a shoebox [OC],Art,Fan-made diorama/craft work; primary content is the artifact.
Hand-painted a denim jacket with references to every vault track [OC wearable art],Art,Fan wearable art piece; primary content is the artifact.
Acoustic mashup of august x You Are In Love I recorded in one take [OC audio],Art,Fan-created musical mashup/performance; primary content is the creative artifact.
I made a flipbook of Taylor's outfits changing through the Eras Tour intro [OC],Art,Fan-created animation/flipbook; primary content is the artifact.
Taylor songs as perfume ads from the 70s — editorial poster series [OC],Art,Fan graphic design/editorial art series; primary content is the artifact.
Sculpted a tiny champagne problems scene with the dropped hand in miniature [OC],Art,Fan-made sculpture/diorama; primary content is the artifact.
Made a giant friendship bracelet rug for my bedroom floor [OC tufting],Art,Fan textile/fiber art; primary content is the artifact.
Designed a fake Criterion Collection cover for Miss Americana [OC],Art,Fan graphic design; primary content is the artifact.
I painted all the surprise song piano flowers from the Eras Tour on canvas [OC],Art,Fan painting series documenting tour imagery; primary content is the artwork.
"Origami set of 13 paper cranes, each printed with lyrics from one album [OC]",Art,Fan paper craft series; primary content is the artifact.
Made a folklore cardigan for my dog complete with tiny elbow patches [OC],Art,Fan-crafted clothing item; primary content is the handmade artifact.
Taylor's bridges visualized as subway maps [OC information design],Art,Fan design/diagram artwork; primary content is the artifact.
I turned the Lover house into a gingerbread house and each room matches an era [OC],Art,Fan edible/craft creation; primary content is the artifact.
Wove a wall hanging inspired by the color progression of Clean [OC textile art],Art,Fan textile artwork inspired by a song; primary content is the artifact.
Made a zine of tiny essays and illustrations for every track on evermore [OC zine],Art,Fan-made printed creative work; the artifact itself is primary.
I drew Taylor's discography as a family tree with motifs connecting each album [OC],Art,Fan illustration/diagram artwork; primary content is the artifact.
Pottery vase painted with ivy lyrics wrapped around climbing vines [OC ceramic art],Art,Fan ceramic artwork; primary content is the artifact.
Taylor eras reimagined as arcade game cabinets — full mockup set [OC design],Art,Fan concept design series; primary content is the artifact.
I built a paper theater version of the willow performance from the Grammys [OC],Art,Fan-made paper craft/stage model; primary content is the artifact.
Made a set of enamel-pin mockups for every track five on Taylor's albums [OC],Art,Fan merchandise/design concept series; primary content is the artifact.
Recorded a choir arrangement of Safe & Sound with my school friends [OC performance],Art,Fan-created vocal performance/arrangement; primary content is the creative artifact.
I embroidered the line 'long live all the mountains we moved' onto a graduation stole [OC],Art,Fan textile embroidery work; primary content is the artifact.
Handmade a pop-up book of the Lover house that actually folds open room by room [OC],Art,Fan paper engineering/craft work; primary content is the artifact.
Taylor Swift songs as vintage postage stamps — 30-stamp mini collection [OC],Art,Fan graphic design series; primary content is the artifact.
"The bridge of Maroon is written like a memory glitch rather than a linear recollection. The phrases pile up as fragments — rust, telephones, carnations, roommates — without connective tissue, which is exactly how traumatic or formative memories tend to resurface. The song's structure is the argument.",Substantive Analysis,"Specific formal claim about fragmented memory encoded in Maroon's bridge, supported by the lyric's syntax and imagery."
"I think Begin Again is the quiet prototype for everything Taylor later does with emotional reset songs like Clean and You're On Your Own, Kid. It isn't about falling in love as much as discovering your own nervous system can return to baseline. That's why the cafe detail matters more than the guy.",Substantive Analysis,"Cross-song argument about Begin Again as an emotional-reset template, supported by thematic comparison and scene-level detail."
The reason Right Where You Left Me feels so uniquely anxious is that the song never exits the restaurant spatially or harmonically. She traps the narrator in one physical place and one melodic loop. That formal stasis is what makes the panic feel endless.,Substantive Analysis,Structural claim linking spatial confinement and melodic repetition to the song's anxiety effect.
"Taylor uses legal and contractual language in her love songs far more often than people realize: 'I recall late November,' 'signed your name,' 'forgiveness is a nice thing to do,' 'contract,' 'terms of my surrender.' It creates a recurring frame where intimacy is negotiated like a deal, which makes sense for someone whose life is so mediated by public stakes.",Substantive Analysis,Motif analysis identifying legal/contract language across the discography and arguing for its interpretive significance.
"Champagne Problems is often read as a proposal rejection song, but the deeper subject is social narration. Half the lyrics are not about what happened between the couple but about what the town, family, and friend group will say next. The tragedy is that the relationship gets immediately swallowed by its audience.",Substantive Analysis,Defends a specific reinterpretation of Champagne Problems as a song about communal narration and social spectatorship.
I don't think exile is a duet in the ordinary sense. It's two monologues that only sound like dialogue because the production braids them together. They are not communicating; they are litigating separate versions of the same ending.,Substantive Analysis,"Specific structural interpretation of exile as parallel monologues rather than true duet dialogue, supported by lyrical posture."
"Taylor's most effective revenge songs are the ones where revenge never actually occurs. Vigilante Shit is fun, but My Tears Ricochet is devastating because the punishment is metaphysical: the target has to live with what they turned her into. That's a much darker model of revenge than direct action.",Substantive Analysis,"Comparative claim about two revenge-song modes, with a specific argument for why one is more powerful."
"The lakes is not anti-fame in any simple sense; it's anti-performance. She isn't rejecting attention, she's rejecting the obligation to convert every private feeling into content. That's why the key image is not disappearing but going somewhere where 'no one around to tweet it.'",Substantive Analysis,"Interprets The Lakes as critique of performative exposure rather than mere anti-fame escapism, using specific lyric evidence."
"The phrase 'casually cruel in the name of being honest' may be Taylor's single best line because it names a behavior people recognize immediately but rarely have language for. It compresses motive, action, and self-justification into one sentence. That's elite writing economy.",Substantive Analysis,Defends a claim about the line's craftsmanship using rhetorical compression as the evidence.
"Taylor's discography has a recurring architecture of public-space confessionals: car songs, hallway songs, bar songs, restaurant songs. She repeatedly stages emotional revelation in semi-public places where privacy is technically possible but never secure. That tension is one of her core settings.",Substantive Analysis,"Pattern claim about recurring semi-public settings across her songs, with an interpretive argument about why those spaces matter."
"Illicit Affairs does its best storytelling through costume direction. 'Take the words for what they are' matters less than 'don't call me kid, don't call me baby' and 'leave the perfume on the shelf' because the song is about behavioral scripting. Adultery here is staged through instructions.",Substantive Analysis,Makes a specific claim that Illicit Affairs encodes its story primarily through behavioral/stylistic directives rather than plot exposition.
"I think New Year's Day is the emotional key to Reputation because it reinterprets the whole album backward. If the rest of the record is armor, New Year's Day is the scene after the battle when someone helps you clean up the glass. It doesn't contradict the album's darkness; it explains why survival was worth it.",Substantive Analysis,Album-level interpretive claim arguing New Year's Day functions as the retrospective key to Reputation.
"A lot of people talk about Taylor's bridges, but her outros are just as important. Outras like Daylight, The Archer, and cardigan don't merely end songs — they revise them. By the time the song closes, the emotional premise has been softened, darkened, or clarified.",Substantive Analysis,"Specific craft claim about outros as revision devices, supported by named song examples."
"The recurring image of windows in Taylor's writing always marks asymmetrical access. Looking in, being looked at, watching from outside, standing behind glass — the window is never neutral. It's the object that separates desire from entry.",Substantive Analysis,Motif analysis centered on windows as a symbol of unequal access and separation across the discography.
"I think Evermore the song is one of the smartest uses of guest vocals in her catalog because Bon Iver doesn't just add texture — he interrupts the spiral. His entrance changes the emotional weather of the song in real time. The feature is structural, not decorative.",Substantive Analysis,"Claim about the functional role of Bon Iver's feature in Evermore, with a structural argument rather than a taste judgment."
"The phrase 'at dinner parties I call you out on your contrarian shit' is classic Taylor because it's hyper-specific social staging. She rarely writes generic conflict; she writes conflict with furniture, context, and audience. That's why her songs feel narratively inhabited.",Substantive Analysis,Defends a claim about Taylor's specificity of scene construction using one lyric as a representative example.
"Taylor's songs about ambition are often disguised as songs about love. Mastermind, Mirrorball, and You're On Your Own, Kid all sound relational on first listen, but the underlying subject is performance labor — what it takes to be chosen, seen, and kept.",Substantive Analysis,Cross-song argument claiming an ambition/performance subtext underneath seemingly relational lyrics.
"The emotional move that makes Would've, Could've, Should've so brutal is that it withholds narrative closure. There's no epiphany, no reframe, no mature distance — just a grown narrator still caught in a past tense that won't stay past. That's why it feels more like a rupture than a reflection.",Substantive Analysis,"Specific claim about the song's refusal of closure, supported by its temporal/emotional structure."
"If you line up Taylor's track fives, the real throughline isn't sadness — it's credibility. Track fives are the songs where she most explicitly asks to be believed about her own interior life. That's different from vulnerability alone.",Substantive Analysis,Reframes the familiar 'track five = vulnerable' idea into a more precise claim about credibility and belief.
"Cruel Summer works because every line sounds like it is running out of breath. The syntax is clipped, the vowels are bright, the chorus is almost shouted — the whole song feels physically overheated. The production doesn't illustrate the lyric; it shares its body temperature.",Substantive Analysis,"Specific formal claim linking syntax, vocal delivery, and production to the song's overheated emotional effect."
Taylor Swift's Eras Tour book sells out at multiple Barnes & Noble locations on release day.,News/Factual Update,Reports a product-release sellout event with no additional interpretation.
Taylor Swift receives six nominations at the MTV Video Music Awards.,News/Factual Update,Award-nominations update; factual report only.
Taylor Swift's Fortnight music video surpasses 100 million views on YouTube in under a week.,News/Factual Update,Streaming/view-count milestone report.
Taylor Swift attends the Golden Globes in custom green Gucci gown [photos],News/Factual Update,Documents a real public appearance with no interpretation.
Taylor Swift's official store launches limited-edition signed CDs for 1989 (Taylor's Version).,News/Factual Update,Reports a merchandise/store update factually.
Taylor Swift wins Top Billboard 200 Artist at the Billboard Music Awards.,News/Factual Update,Awards-show result report.
Taylor Swift's The Eras Tour film returns to select theaters for one-week rerelease.,News/Factual Update,Release-window update; no added analysis.
Taylor Swift spotted at Electric Lady Studios for the third time this week [photos],News/Factual Update,Photo/sighting documentation of a real-world event.
Taylor Swift's official website adds countdown clock ahead of new announcement.,News/Factual Update,Reports a factual website change without speculation added by the poster.
Taylor Swift donates bonuses to Eras Tour truck drivers totaling more than $5 million.,News/Factual Update,Reports a documented charitable/payment action.
Taylor Swift's Lover returns to the Billboard 200 top 20 after viral resurgence on TikTok.,News/Factual Update,Chart update report with no extra interpretation.
Taylor Swift photographed leaving a London recording studio with Jack Antonoff [image],News/Factual Update,Documents a public sighting with no analytical claim.
Taylor Swift's official TikTok account posts behind-the-scenes clip from the Bejeweled video shoot.,News/Factual Update,Reports a new official social media post.
Taylor Swift added to Saturday Night Live 50th anniversary special performer list.,News/Factual Update,Lineup/appearance announcement report.
Taylor Swift's Fearless (Taylor's Version) reaches 5 billion Spotify streams.,News/Factual Update,Streaming milestone report with no interpretation.
Taylor Swift premieres new acoustic performance video for The Black Dog on YouTube.,News/Factual Update,Reports a newly released official performance video.
Taylor Swift's Midnights Lavender Edition vinyl restocked on her official store.,News/Factual Update,Store/restock update; factual.
Taylor Swift appears in NFL holiday promo during Chiefs game broadcast.,News/Factual Update,Broadcast appearance report; no added interpretation.
Taylor Swift's Red (Taylor's Version) breaks vinyl sales record for a female artist in a single week.,News/Factual Update,Sales-record update reported factually.
Taylor Swift's official team announces additional international shipping options on merch site.,News/Factual Update,Website/store logistics update with no interpretation.